{
    "tile_weights": {
        "1万": 0.5773680000000001,
        "2万": 0.55,
        "3万": 1.5090090048000004,
        "4万": 1.8150000000000004,
        "5万": 1.5,
        "6万": 1.5,
        "7万": 1.2,
        "8万": 0.9,
        "9万": 0.8,
        "1条": 0.9680000000000002,
        "2条": 1.109234794203361,
        "3条": 0.5,
        "4条": 1.0610219565000003,
        "5条": 1.5,
        "6条": 1.6500000000000001,
        "7条": 1.7424000000000002,
        "8条": 1.3068000000000002,
        "9条": 0.8800000000000001,
        "1筒": 0.8800000000000001,
        "2筒": 1.1880000000000002,
        "3筒": 1.32,
        "4筒": 1.5,
        "5筒": 1.5,
        "6筒": 1.6500000000000001,
        "7筒": 1.3832582544000003,
        "8筒": 0.7260000000000001,
        "9筒": 0.6986152800000003
    },
    "position_weights": {
        "1": -2,
        "2": 0.0,
        "3": 0.0,
        "4": 1,
        "5": 1,
        "6": 1,
        "7": 0.0,
        "8": 0.0,
        "9": -2,
        "3": 0.0
    },
    "risk_factors": {
        "be_eaten": 18.0,
        "be_ponged": {
            "0": 18.0,
            "1": 18.0,
            "2": 0.0
        },
        "be_konged": 18.0,
        "be_winning_tile": 18.0,
        "already_discarded": -9.0
    },
    "value_factors": {
        "four_of_a_kind": 20,
        "three_of_a_kind": 15,
        "pair": 2.1539152382701974,
        "sequence": 2.9403000000000006,
        "single": 1
    }
}